시군구,사고월,사고일,01일,02일,03일,04일,05일,06일,07일,08일,09일,10일,11일,12일,13일,14일,15일,16일,17일,18일,19일,20일,21일,22일,23일,24일,25일,26일,27일,28일,29일,30일,31일
중구,05월,사고[건],2,3,-,1,-,1,-,1,-,1,1,-,1,-,1,2,-,2,4,-,1,-,1,1,-,-,3,-,1,-,2
중구,05월,사망[명],0,0,-,0,-,0,-,0,-,0,0,-,0,-,0,0,-,0,0,-,0,-,0,0,-,-,0,-,0,-,0
중구,05월,부상[명],2,5,-,1,-,1,-,1,-,1,1,-,1,-,4,2,-,3,4,-,2,-,1,1,-,-,3,-,1,-,6
중구,05월,(중상자[명]),0,1,-,1,-,0,-,1,-,0,0,-,0,-,3,0,-,0,1,-,1,-,0,1,-,-,1,-,1,-,0
중구,06월,사고[건],2,1,1,1,4,-,1,-,1,-,-,-,-,-,-,2,1,1,2,-,-,2,1,1,1,1,-,-,-,2,-
중구,06월,사망[명],0,0,0,0,0,-,0,-,0,-,-,-,-,-,-,0,0,0,0,-,-,0,0,0,0,0,-,-,-,0,-
중구,06월,부상[명],2,1,1,1,4,-,1,-,1,-,-,-,-,-,-,2,1,1,2,-,-,3,1,1,1,1,-,-,-,3,-
중구,06월,(중상자[명]),0,0,1,0,0,-,0,-,0,-,-,-,-,-,-,0,0,0,1,-,-,0,0,0,0,0,-,-,-,0,-
중구,07월,사고[건],2,2,-,1,-,-,-,1,-,-,-,-,-,-,-,2,1,-,-,-,2,-,1,-,1,-,-,1,2,3,-
중구,07월,사망[명],0,0,-,0,-,-,-,0,-,-,-,-,-,-,-,0,0,-,-,-,0,-,0,-,0,-,-,0,0,0,-
중구,07월,부상[명],2,2,-,2,-,-,-,1,-,-,-,-,-,-,-,2,3,-,-,-,2,-,1,-,2,-,-,1,2,3,-
중구,07월,(중상자[명]),2,0,-,0,-,-,-,0,-,-,-,-,-,-,-,1,0,-,-,-,1,-,0,-,1,-,-,0,1,0,-
중구,08월,사고[건],2,1,-,-,-,-,-,2,1,2,-,-,1,-,2,1,2,-,-,1,2,1,2,1,1,1,-,1,1,-,3
중구,08월,사망[명],0,0,-,-,-,-,-,0,0,0,-,-,0,-,0,0,0,-,-,0,0,0,0,0,0,0,-,0,0,-,0
중구,08월,부상[명],4,3,-,-,-,-,-,2,2,2,-,-,1,-,2,1,4,-,-,1,3,1,2,1,1,1,-,3,2,-,3
중구,08월,(중상자[명]),0,1,-,-,-,-,-,1,1,1,-,-,0,-,1,0,0,-,-,0,1,0,0,1,1,0,-,0,0,-,1
중구,09월,사고[건],-,2,-,1,1,2,1,1,1,1,-,-,-,-,-,-,-,-,1,2,1,-,2,1,1,1,-,1,1,1,-
중구,09월,사망[명],-,0,-,0,0,0,0,0,0,0,-,-,-,-,-,-,-,-,0,0,0,-,0,0,0,0,-,0,0,0,-
중구,09월,부상[명],-,3,-,1,1,2,3,1,1,1,-,-,-,-,-,-,-,-,1,2,1,-,2,1,1,1,-,1,1,2,-
중구,09월,(중상자[명]),-,0,-,1,1,1,1,0,0,0,-,-,-,-,-,-,-,-,0,0,1,-,0,1,1,1,-,0,0,0,-
중구,10월,사고[건],1,1,1,-,1,1,1,1,-,-,-,1,-,2,1,-,1,-,-,-,1,1,3,1,-,1,-,-,-,1,2
중구,10월,사망[명],0,0,0,-,0,0,0,0,-,-,-,0,-,0,0,-,0,-,-,-,0,0,0,0,-,0,-,-,-,0,0
중구,10월,부상[명],1,1,1,-,1,1,1,1,-,-,-,1,-,2,1,-,1,-,-,-,1,1,3,1,-,1,-,-,-,1,3
중구,10월,(중상자[명]),1,1,0,-,1,0,0,0,-,-,-,0,-,0,0,-,0,-,-,-,1,0,1,1,-,0,-,-,-,1,1
서구,05월,사고[건],2,1,1,1,1,2,-,1,1,-,3,1,-,-,2,1,1,-,2,2,2,1,2,1,-,-,3,2,4,-,2
서구,05월,사망[명],0,0,0,0,0,0,-,0,0,-,0,0,-,-,0,0,0,-,0,0,0,0,0,0,-,-,0,0,0,-,0
서구,05월,부상[명],3,1,1,1,1,2,-,1,4,-,6,1,-,-,4,1,2,-,3,2,2,1,4,2,-,-,9,2,5,-,3
서구,05월,(중상자[명]),0,0,0,0,0,1,-,1,1,-,2,1,-,-,1,0,0,-,3,1,1,0,1,1,-,-,2,0,1,-,1
서구,06월,사고[건],-,5,-,1,-,5,-,1,4,2,3,1,1,1,3,2,1,1,-,3,-,2,1,1,3,2,2,2,1,-,-
서구,06월,사망[명],-,0,-,0,-,0,-,0,0,0,0,0,0,0,0,0,0,0,-,0,-,0,0,0,0,0,0,0,0,-,-
서구,06월,부상[명],-,9,-,1,-,6,-,1,6,3,3,1,3,1,4,2,2,1,-,4,-,2,2,2,3,3,3,4,2,-,-
서구,06월,(중상자[명]),-,4,-,0,-,4,-,1,0,0,1,0,1,0,1,0,0,0,-,0,-,1,0,0,1,3,1,1,1,-,-
서구,07월,사고[건],-,1,2,-,1,1,1,3,1,-,2,2,2,1,3,1,2,-,-,3,2,1,-,-,3,1,3,-,-,1,1
서구,07월,사망[명],-,0,0,-,0,0,0,0,0,-,0,0,0,0,0,0,0,-,-,0,0,0,-,-,0,0,0,-,-,0,0
서구,07월,부상[명],-,1,3,-,1,1,2,7,1,-,4,3,5,1,5,1,2,-,-,3,2,1,-,-,3,1,5,-,-,4,1
서구,07월,(중상자[명]),-,1,0,-,0,0,0,0,0,-,1,0,2,1,0,0,1,-,-,1,2,0,-,-,0,1,0,-,-,0,0
서구,08월,사고[건],2,2,1,-,-,1,2,3,-,-,2,1,2,2,1,2,-,-,3,1,-,4,2,-,1,2,2,1,2,-,2
서구,08월,사망[명],0,0,0,-,-,0,0,0,-,-,0,0,1,0,0,0,-,-,0,0,-,0,0,-,0,0,0,0,0,-,0
서구,08월,부상[명],2,2,1,-,-,1,2,3,-,-,2,1,1,6,2,4,-,-,3,1,-,6,4,-,1,2,2,1,3,-,2
서구,08월,(중상자[명]),0,1,0,-,-,0,0,0,-,-,0,0,1,0,0,0,-,-,1,1,-,2,0,-,0,0,0,0,0,-,0
서구,09월,사고[건],1,-,4,1,3,-,1,-,1,-,4,-,2,-,3,-,-,3,-,-,-,1,2,-,4,-,3,2,3,-,-
서구,09월,사망[명],0,-,0,0,0,-,0,-,0,-,0,-,0,-,0,-,-,0,-,-,-,0,0,-,0,-,0,0,0,-,-
서구,09월,부상[명],1,-,6,1,5,-,1,-,1,-,7,-,4,-,4,-,-,6,-,-,-,1,2,-,4,-,3,2,3,-,-
서구,09월,(중상자[명]),1,-,1,0,0,-,0,-,1,-,3,-,0,-,0,-,-,0,-,-,-,0,1,-,1,-,1,1,0,-,-
서구,10월,사고[건],2,-,2,-,5,2,1,4,1,2,-,1,2,-,1,-,3,2,3,1,1,2,3,3,1,-,1,2,3,4,4
서구,10월,사망[명],0,-,0,-,0,0,0,0,0,0,-,0,0,-,0,-,0,0,0,0,0,0,0,0,0,-,0,0,0,0,0
서구,10월,부상[명],4,-,3,-,8,4,1,4,1,4,-,2,2,-,2,-,7,2,4,1,1,2,5,4,1,-,2,3,4,7,4
서구,10월,(중상자[명]),1,-,0,-,1,1,1,2,0,1,-,0,0,-,1,-,2,0,1,1,0,0,2,2,0,-,0,1,1,3,1
동구,05월,사고[건],-,1,-,-,-,1,-,1,-,2,-,1,2,-,2,1,1,1,-,1,2,2,3,-,2,1,1,1,1,3,1
동구,05월,사망[명],-,0,-,-,-,0,-,0,-,0,-,0,0,-,1,0,0,0,-,0,0,0,0,-,0,0,0,0,0,0,0
동구,05월,부상[명],-,6,-,-,-,4,-,2,-,2,-,1,2,-,1,2,1,2,-,1,2,4,3,-,5,1,1,5,1,6,1
동구,05월,(중상자[명]),-,0,-,-,-,0,-,1,-,0,-,1,1,-,0,0,0,1,-,0,2,0,0,-,2,1,0,0,1,1,1
동구,06월,사고[건],1,-,2,3,2,2,3,3,4,2,1,-,2,2,1,1,1,-,2,2,1,4,2,-,3,4,1,-,2,1,-
동구,06월,사망[명],0,-,0,0,0,0,0,0,0,0,0,-,0,0,0,0,0,-,0,0,0,0,0,-,0,0,0,-,0,0,-
동구,06월,부상[명],2,-,4,5,2,3,3,6,5,3,1,-,5,4,1,1,2,-,3,2,1,4,3,-,5,4,1,-,2,1,-
동구,06월,(중상자[명]),0,-,1,2,1,0,2,3,1,1,0,-,1,1,0,0,2,-,1,0,1,1,0,-,0,0,0,-,0,0,-
동구,07월,사고[건],1,1,3,-,1,1,-,-,1,-,3,-,-,-,1,2,-,4,-,1,1,2,2,2,1,-,2,1,1,2,2
동구,07월,사망[명],0,0,0,-,0,0,-,-,0,-,0,-,-,-,0,0,-,0,-,0,0,0,0,0,0,-,0,0,0,0,0
동구,07월,부상[명],1,1,4,-,2,2,-,-,4,-,6,-,-,-,9,2,-,5,-,2,1,2,2,3,14,-,2,1,2,2,2
동구,07월,(중상자[명]),0,0,1,-,0,0,-,-,0,-,3,-,-,-,1,2,-,1,-,0,0,0,1,0,3,-,0,0,1,1,1
동구,08월,사고[건],-,-,2,2,1,4,-,-,2,3,-,1,1,1,-,1,3,2,1,3,1,3,-,1,3,-,1,2,-,3,2
동구,08월,사망[명],-,-,0,0,0,0,-,-,0,0,-,0,0,0,-,0,0,0,0,0,0,0,-,0,0,-,0,0,-,0,0
동구,08월,부상[명],-,-,5,2,1,7,-,-,2,4,-,1,1,1,-,1,7,4,3,8,1,3,-,1,3,-,1,2,-,3,2
동구,08월,(중상자[명]),-,-,2,1,0,1,-,-,1,1,-,0,1,0,-,0,0,0,0,1,1,0,-,0,0,-,0,1,-,2,0
동구,09월,사고[건],-,-,1,1,4,1,1,-,2,2,1,2,-,-,1,-,2,1,-,2,1,3,1,2,1,3,-,2,1,-,-
동구,09월,사망[명],-,-,0,0,0,0,0,-,0,0,0,0,-,-,0,-,0,0,-,0,0,0,1,0,0,0,-,0,0,-,-
동구,09월,부상[명],-,-,1,1,5,1,1,-,2,2,4,6,-,-,1,-,3,1,-,2,1,4,1,2,1,3,-,2,2,-,-
동구,09월,(중상자[명]),-,-,0,0,1,1,1,-,1,0,0,2,-,-,0,-,0,0,-,1,0,0,1,1,0,0,-,0,0,-,-
동구,10월,사고[건],2,2,1,2,4,-,1,1,1,1,1,-,2,2,2,3,-,1,3,2,-,2,3,2,1,1,2,2,-,1,1
동구,10월,사망[명],0,0,0,0,0,-,0,0,0,0,0,-,0,0,0,0,-,0,0,0,-,0,0,0,0,0,0,0,-,0,0
동구,10월,부상[명],4,3,1,5,4,-,3,1,2,5,1,-,2,3,2,8,-,1,3,2,-,2,3,6,2,2,2,2,-,1,1
동구,10월,(중상자[명]),0,0,0,1,1,-,0,0,0,2,1,-,1,2,0,2,-,1,2,0,-,0,1,0,2,0,2,0,-,0,0
영도구,05월,사고[건],2,-,-,2,2,2,1,-,-,-,-,1,2,1,-,1,-,1,-,2,1,1,-,1,1,1,3,2,1,1,1
영도구,05월,사망[명],0,-,-,0,0,0,0,-,-,-,-,0,0,0,-,0,-,0,-,0,0,0,-,0,0,0,0,0,0,0,0
영도구,05월,부상[명],2,-,-,8,3,2,2,-,-,-,-,1,3,2,-,2,-,1,-,2,2,1,-,1,1,2,4,4,1,1,1
영도구,05월,(중상자[명]),1,-,-,0,2,1,1,-,-,-,-,0,2,0,-,1,-,1,-,0,1,0,-,1,0,0,1,0,0,1,0
영도구,06월,사고[건],1,-,2,1,1,1,-,2,4,2,2,2,1,-,-,1,2,-,1,2,1,2,1,-,-,1,1,-,2,2,-
영도구,06월,사망[명],0,-,0,0,0,0,-,0,0,0,0,0,0,-,-,0,0,-,0,0,0,0,0,-,-,0,0,-,0,0,-
영도구,06월,부상[명],1,-,3,1,3,3,-,3,6,3,2,2,2,-,-,2,2,-,1,2,2,3,1,-,-,1,1,-,5,2,-
영도구,06월,(중상자[명]),0,-,0,0,0,0,-,2,1,1,0,1,1,-,-,2,2,-,0,0,0,1,0,-,-,0,1,-,3,1,-
영도구,07월,사고[건],1,-,-,1,1,1,-,-,-,-,1,-,2,1,-,-,3,-,-,2,-,2,4,-,-,-,3,2,-,2,-
영도구,07월,사망[명],0,-,-,0,0,0,-,-,-,-,0,-,0,0,-,-,0,-,-,0,-,0,0,-,-,-,0,0,-,0,-
영도구,07월,부상[명],2,-,-,1,1,1,-,-,-,-,1,-,5,2,-,-,4,-,-,2,-,4,4,-,-,-,4,3,-,7,-
영도구,07월,(중상자[명]),0,-,-,0,1,0,-,-,-,-,0,-,0,1,-,-,1,-,-,1,-,0,2,-,-,-,0,2,-,1,-
영도구,08월,사고[건],2,-,-,2,-,-,-,1,2,1,2,-,1,2,-,-,-,2,1,4,-,2,3,-,-,1,1,-,2,-,1
영도구,08월,사망[명],0,-,-,0,-,-,-,0,0,0,0,-,0,0,-,-,-,0,0,0,-,0,0,-,-,0,0,-,0,-,0
영도구,08월,부상[명],2,-,-,2,-,-,-,2,3,1,2,-,1,2,-,-,-,7,1,4,-,3,3,-,-,1,1,-,2,-,1
영도구,08월,(중상자[명]),1,-,-,0,-,-,-,0,1,1,0,-,0,0,-,-,-,0,1,1,-,3,0,-,-,1,0,-,0,-,0
영도구,09월,사고[건],-,1,-,2,2,-,-,-,2,-,-,1,1,1,-,-,1,2,1,-,-,2,2,1,-,1,3,1,1,2,-
영도구,09월,사망[명],-,0,-,0,0,-,-,-,0,-,-,0,0,0,-,-,0,0,0,-,-,0,0,0,-,0,0,0,0,0,-
영도구,09월,부상[명],-,1,-,3,2,-,-,-,2,-,-,2,1,1,-,-,1,3,1,-,-,3,2,1,-,2,5,1,1,4,-
영도구,09월,(중상자[명]),-,1,-,1,0,-,-,-,1,-,-,2,0,1,-,-,0,0,0,-,-,0,0,1,-,0,3,1,0,0,-
영도구,10월,사고[건],-,-,1,1,-,2,-,-,-,1,-,3,2,2,1,1,1,1,1,1,2,2,2,-,-,1,-,-,1,1,-
영도구,10월,사망[명],-,-,0,0,-,0,-,-,-,0,-,0,0,0,0,0,0,0,0,0,0,0,0,-,-,0,-,-,0,0,-
영도구,10월,부상[명],-,-,2,1,-,2,-,-,-,3,-,3,2,2,1,1,1,2,1,1,2,4,6,-,-,1,-,-,1,1,-
영도구,10월,(중상자[명]),-,-,0,0,-,0,-,-,-,0,-,1,0,0,1,1,0,0,0,1,0,1,1,-,-,0,-,-,0,0,-
진구,05월,사고[건],3,6,2,3,4,8,5,8,2,2,4,2,5,3,8,4,4,1,6,5,1,8,4,6,3,3,5,6,5,3,1
진구,05월,사망[명],0,0,0,0,0,0,0,0,0,0,0,0,0,0,0,0,0,0,0,0,0,0,0,0,0,0,0,0,0,0,0
진구,05월,부상[명],6,6,3,5,9,10,6,10,3,2,6,2,5,4,11,5,11,1,6,8,1,10,5,8,3,3,5,6,6,3,1
진구,05월,(중상자[명]),0,1,0,1,3,2,3,1,0,1,1,0,2,1,4,0,4,0,3,1,0,1,2,2,1,1,2,2,3,0,0
진구,06월,사고[건],-,5,4,4,7,2,5,3,9,5,4,8,4,4,2,6,4,2,4,4,4,2,3,5,8,4,2,5,8,4,-
진구,06월,사망[명],-,0,0,0,0,0,0,0,0,0,0,0,0,0,0,0,0,0,0,0,0,0,0,1,0,0,0,0,0,0,-
진구,06월,부상[명],-,5,4,4,7,4,11,3,11,5,4,8,4,8,2,7,4,4,8,5,7,2,7,4,10,6,3,6,12,6,-
진구,06월,(중상자[명]),-,2,1,1,2,1,6,0,4,1,0,1,1,1,0,0,1,0,1,2,4,1,4,1,4,2,0,2,4,0,-
진구,07월,사고[건],2,3,9,7,4,1,6,9,3,3,4,5,4,5,2,4,5,6,2,2,2,10,3,4,3,2,7,1,2,2,3
진구,07월,사망[명],0,0,0,0,0,0,0,0,0,0,1,0,0,0,0,0,0,0,0,0,0,0,0,0,0,0,0,0,0,0,0
진구,07월,부상[명],5,3,11,9,5,2,7,15,5,6,3,9,5,6,6,5,6,10,2,2,3,15,5,7,4,4,9,1,2,2,3
진구,07월,(중상자[명]),2,0,5,1,0,2,2,4,1,0,1,1,1,2,0,0,0,3,0,0,2,1,2,1,0,0,2,0,1,0,1
진구,08월,사고[건],6,2,3,3,5,6,5,3,4,1,5,3,4,8,3,8,6,1,4,6,5,6,9,5,3,4,5,5,7,2,5
진구,08월,사망[명],0,0,0,0,0,0,0,0,0,0,0,0,0,0,0,0,0,0,0,0,0,0,0,0,0,0,0,0,0,0,0
진구,08월,부상[명],7,4,5,3,6,7,6,3,4,1,9,3,5,10,3,11,10,1,5,6,13,9,15,6,5,6,8,5,12,2,6
진구,08월,(중상자[명]),3,1,0,0,2,4,1,2,0,1,0,2,2,4,2,3,1,0,1,3,3,4,4,2,1,1,2,1,2,2,1
진구,09월,사고[건],6,2,3,1,7,2,3,7,6,6,4,2,4,2,5,4,4,2,5,5,5,1,5,7,3,3,3,5,5,5,-
진구,09월,사망[명],0,0,1,0,0,0,0,0,0,0,0,0,0,0,0,0,0,0,0,0,0,0,0,0,0,0,0,0,0,0,-
진구,09월,부상[명],6,2,2,3,11,3,3,7,8,7,4,4,5,5,5,4,6,4,5,6,9,1,6,9,3,4,10,5,6,10,-
진구,09월,(중상자[명]),2,1,1,2,0,0,0,4,2,3,2,0,1,0,2,1,1,0,2,2,1,0,1,3,1,3,2,2,1,1,-
진구,10월,사고[건],3,3,1,2,7,2,7,6,6,5,13,1,5,4,5,4,3,5,3,5,4,5,4,3,1,3,6,3,1,6,4
진구,10월,사망[명],0,0,0,0,0,0,0,0,0,0,0,0,0,0,0,0,0,0,0,0,0,0,0,0,0,0,0,0,0,0,0
진구,10월,부상[명],3,5,1,4,11,2,8,6,13,8,24,1,5,6,7,4,3,12,3,6,4,7,6,5,1,4,7,6,1,11,4
진구,10월,(중상자[명]),1,4,0,0,4,0,1,1,3,1,4,0,0,2,1,1,2,3,1,0,1,4,0,3,0,1,2,1,1,3,0
동래구,05월,사고[건],5,2,2,1,1,5,3,4,5,1,1,5,4,2,1,4,2,4,5,4,2,1,3,2,4,5,1,4,3,1,2
동래구,05월,사망[명],0,0,0,0,0,0,0,0,0,0,0,0,0,0,0,0,0,0,0,0,0,0,0,0,0,0,0,0,0,0,0
동래구,05월,부상[명],7,2,2,1,1,5,4,4,7,1,1,5,4,2,1,4,2,5,7,4,3,1,4,2,7,6,1,4,4,2,2
동래구,05월,(중상자[명]),1,0,1,0,0,3,2,2,1,0,0,4,1,1,0,1,1,0,2,0,1,0,2,1,2,0,0,0,0,0,0
동래구,06월,사고[건],4,2,4,1,1,-,3,2,3,6,1,5,4,2,7,3,2,4,6,2,1,1,3,3,1,2,7,2,4,1,-
동래구,06월,사망[명],0,0,0,0,0,-,0,0,0,0,0,0,0,0,0,0,0,0,0,0,0,0,0,0,0,0,0,0,0,0,-
동래구,06월,부상[명],4,2,5,1,1,-,3,2,4,6,3,6,6,2,8,4,2,6,7,2,1,1,3,3,2,3,9,2,4,1,-
동래구,06월,(중상자[명]),0,0,1,0,0,-,0,1,1,2,1,1,1,1,3,0,0,1,3,0,0,0,0,2,1,1,2,0,2,1,-
동래구,07월,사고[건],2,3,2,3,5,1,-,3,6,5,5,2,2,4,3,5,1,4,-,2,2,3,4,1,2,2,3,4,3,3,2
동래구,07월,사망[명],0,0,0,0,0,0,-,0,0,0,0,0,0,0,0,0,0,0,-,0,0,0,0,0,0,0,0,0,0,0,0
동래구,07월,부상[명],4,3,2,3,8,1,-,3,7,6,5,2,2,4,3,6,3,5,-,2,2,3,5,2,3,3,4,5,4,4,3
동래구,07월,(중상자[명]),1,1,2,1,2,1,-,1,0,2,1,0,0,2,1,0,1,0,-,1,1,1,0,0,0,3,0,3,0,1,1
동래구,08월,사고[건],3,3,6,4,1,4,1,-,2,7,4,5,2,4,2,-,4,1,1,2,4,3,2,3,4,-,2,-,2,-,1
동래구,08월,사망[명],0,0,0,0,0,0,0,-,0,0,0,0,0,0,0,-,0,0,0,0,0,0,0,0,0,-,0,-,0,-,0
동래구,08월,부상[명],3,5,7,5,1,6,1,-,2,7,4,5,3,4,4,-,5,1,1,3,6,3,2,3,6,-,3,-,3,-,3
동래구,08월,(중상자[명]),1,0,4,1,0,2,1,-,0,2,0,3,0,0,0,-,0,0,0,1,2,1,0,1,1,-,0,-,0,-,0
동래구,09월,사고[건],2,1,2,3,3,2,2,1,5,2,2,4,3,2,3,1,7,7,4,3,7,2,1,4,4,3,1,4,2,1,-
동래구,09월,사망[명],0,0,0,0,0,0,0,0,0,0,0,0,0,0,0,0,0,0,0,0,0,0,0,0,0,0,0,0,0,0,-
동래구,09월,부상[명],2,1,2,3,10,2,3,1,6,2,2,5,7,3,3,1,9,7,6,3,7,2,1,5,4,3,1,5,2,2,-
동래구,09월,(중상자[명]),0,0,0,0,0,2,0,0,0,1,1,0,0,2,1,1,3,4,3,0,2,2,0,1,0,1,0,1,0,2,-
동래구,10월,사고[건],2,2,3,3,1,8,1,3,3,1,3,4,-,1,3,3,3,3,4,2,5,-,2,3,1,4,2,3,7,4,4
동래구,10월,사망[명],0,0,0,0,0,0,0,0,0,0,0,0,-,0,0,0,0,0,0,0,0,-,0,0,0,0,0,0,0,0,0
동래구,10월,부상[명],3,5,5,3,1,9,1,3,3,2,8,5,-,1,3,7,4,9,4,3,5,-,4,3,1,4,2,3,7,4,4
동래구,10월,(중상자[명]),1,0,1,0,0,1,0,0,0,0,1,1,-,0,1,0,0,1,1,1,2,-,3,1,0,1,1,2,1,0,2
남구,05월,사고[건],3,2,-,2,2,3,4,1,2,2,1,3,6,7,4,2,3,-,1,6,1,1,2,-,1,-,4,2,4,6,2
남구,05월,사망[명],0,0,-,0,0,0,0,0,0,1,0,0,0,0,0,0,0,-,0,0,0,0,0,-,0,-,0,0,0,0,0
남구,05월,부상[명],3,2,-,2,2,4,5,1,2,1,1,4,9,9,5,2,9,-,1,8,1,1,2,-,1,-,5,10,4,12,2
남구,05월,(중상자[명]),2,1,-,0,1,1,2,0,0,0,0,1,2,3,2,0,1,-,1,1,1,0,1,-,0,-,0,1,1,3,0
남구,06월,사고[건],-,1,-,3,4,1,4,4,1,3,1,2,3,4,4,3,3,1,2,1,2,1,4,2,1,4,3,1,1,2,-
남구,06월,사망[명],-,0,-,0,0,0,0,0,0,0,0,0,0,0,0,0,0,0,0,0,0,0,0,0,0,0,0,0,0,0,-
남구,06월,부상[명],-,2,-,3,5,1,6,5,1,3,1,3,8,4,5,3,4,1,2,1,2,1,4,2,2,4,4,1,1,2,-
남구,06월,(중상자[명]),-,0,-,1,2,0,1,0,0,0,0,1,0,1,1,0,1,1,2,0,0,1,0,0,0,1,1,0,0,0,-
남구,07월,사고[건],3,2,3,3,2,2,2,2,3,4,3,-,2,3,1,-,2,1,2,1,1,4,1,1,-,2,3,4,2,3,4
남구,07월,사망[명],0,0,0,0,0,0,0,0,0,0,0,-,0,0,0,-,0,0,0,0,0,0,0,0,-,0,0,0,0,0,0
남구,07월,부상[명],13,3,4,5,7,2,2,2,4,6,3,-,2,3,1,-,2,1,2,2,1,5,1,1,-,2,3,5,2,3,5
남구,07월,(중상자[명]),2,0,0,0,3,0,0,1,0,2,1,-,1,2,1,-,1,0,1,2,0,0,1,0,-,1,1,0,1,0,1
남구,08월,사고[건],2,-,4,-,2,1,-,-,1,2,2,3,1,1,1,2,2,5,3,2,-,3,-,2,4,1,3,4,2,2,2
남구,08월,사망[명],0,-,0,-,0,0,-,-,0,0,0,0,0,0,0,0,0,0,0,0,-,0,-,0,0,0,0,0,0,0,0
남구,08월,부상[명],2,-,8,-,2,1,-,-,1,7,3,3,1,1,1,3,2,12,6,2,-,3,-,2,6,1,3,4,2,2,2
남구,08월,(중상자[명]),1,-,1,-,0,0,-,-,1,1,0,1,1,1,0,1,1,1,2,1,-,1,-,0,1,0,3,1,0,1,0
남구,09월,사고[건],-,3,2,4,3,2,1,3,3,5,2,2,1,2,1,-,7,2,1,1,5,4,2,5,-,1,1,3,3,1,-
남구,09월,사망[명],-,0,0,0,0,0,0,0,0,0,0,0,0,0,0,-,0,0,0,0,0,0,0,0,-,1,0,0,0,0,-
남구,09월,부상[명],-,5,2,4,3,2,1,4,3,5,2,2,2,2,1,-,7,2,1,1,5,4,2,7,-,0,1,4,3,2,-
남구,09월,(중상자[명]),-,1,0,2,1,0,1,0,1,3,2,1,0,1,1,-,3,0,0,1,2,1,1,0,-,0,0,2,1,0,-
남구,10월,사고[건],3,4,-,1,-,2,4,3,-,3,3,1,4,3,2,1,2,1,2,1,6,5,7,3,4,-,5,3,6,5,2
남구,10월,사망[명],0,0,-,0,-,0,0,0,-,0,0,1,0,0,0,0,0,0,0,0,0,0,0,0,0,-,0,0,0,0,0
남구,10월,부상[명],4,4,-,2,-,2,4,3,-,5,3,1,4,4,2,1,3,1,3,1,8,7,11,5,7,-,5,3,8,5,3
남구,10월,(중상자[명]),0,2,-,0,-,0,3,2,-,0,1,0,1,1,0,0,0,1,1,1,1,1,4,1,1,-,3,0,2,1,0
북구,05월,사고[건],2,2,2,2,2,6,3,4,1,2,5,-,1,-,2,1,2,2,4,2,2,-,4,4,2,4,3,3,-,4,-
북구,05월,사망[명],0,0,0,0,0,1,0,0,0,0,1,-,0,-,0,0,0,0,1,0,0,-,0,0,0,0,0,0,-,0,-
북구,05월,부상[명],2,2,2,3,4,6,4,6,1,2,5,-,1,-,4,1,2,3,3,2,2,-,4,5,5,13,4,3,-,4,-
북구,05월,(중상자[명]),1,0,0,2,2,4,0,2,1,0,2,-,0,-,0,1,1,1,0,1,0,-,0,2,1,1,2,1,-,2,-
북구,06월,사고[건],3,5,-,3,2,5,6,-,2,2,2,1,2,1,-,1,3,-,3,2,2,1,3,2,1,2,-,1,1,2,-
북구,06월,사망[명],0,0,-,0,0,0,0,-,0,0,0,0,0,0,-,0,1,-,1,0,0,0,0,0,0,0,-,0,0,0,-
북구,06월,부상[명],4,7,-,5,5,14,7,-,3,3,4,1,2,1,-,1,2,-,2,2,3,4,3,2,1,2,-,4,1,2,-
북구,06월,(중상자[명]),1,0,-,0,0,2,2,-,1,0,0,1,0,0,-,1,0,-,0,0,0,0,1,1,1,0,-,0,0,0,-
북구,07월,사고[건],1,2,1,2,2,3,1,4,3,2,1,4,6,2,2,6,3,5,2,2,4,-,3,-,2,2,1,-,3,1,6
북구,07월,사망[명],0,1,0,0,0,0,0,0,0,0,0,0,0,0,0,0,0,1,0,0,0,-,0,-,0,0,0,-,0,0,0
북구,07월,부상[명],1,2,1,3,2,4,2,5,3,4,1,4,7,2,3,7,3,6,2,2,4,-,6,-,2,3,1,-,4,1,10
북구,07월,(중상자[명]),0,1,0,0,1,0,0,2,2,2,0,1,0,0,0,3,0,1,1,1,2,-,1,-,0,2,0,-,0,0,0
북구,08월,사고[건],3,1,2,-,1,-,2,3,5,2,1,1,1,-,-,-,1,3,-,5,1,2,1,5,1,3,4,4,-,3,1
북구,08월,사망[명],0,0,0,-,0,-,0,0,0,0,0,0,0,-,-,-,0,0,-,0,0,0,0,0,0,0,0,0,-,0,0
북구,08월,부상[명],5,1,5,-,1,-,3,3,7,3,1,1,3,-,-,-,1,4,-,7,2,4,1,8,1,3,4,4,-,7,1
북구,08월,(중상자[명]),1,0,0,-,0,-,1,2,0,1,0,0,1,-,-,-,0,2,-,4,1,3,0,0,0,0,2,2,-,3,1
북구,09월,사고[건],2,2,3,1,1,1,2,2,2,2,2,2,2,2,4,1,1,2,3,-,2,2,3,1,3,3,1,3,2,1,-
북구,09월,사망[명],0,0,1,0,0,0,0,0,0,0,0,0,0,0,0,0,0,0,0,-,0,0,0,0,0,1,0,0,0,0,-
북구,09월,부상[명],2,3,3,1,2,1,3,2,3,3,2,2,3,2,4,1,3,3,7,-,2,3,3,3,4,3,1,3,2,1,-
북구,09월,(중상자[명]),0,0,0,0,0,0,1,1,0,1,0,0,0,1,0,0,0,0,1,-,1,1,3,2,1,0,1,1,1,0,-
북구,10월,사고[건],2,1,1,2,1,3,1,6,-,2,1,2,1,3,-,4,4,1,1,-,3,1,2,1,3,5,2,1,5,1,3
북구,10월,사망[명],0,0,0,0,0,0,0,0,-,0,0,0,0,0,-,0,0,0,0,-,0,0,0,0,0,0,0,0,0,0,0
북구,10월,부상[명],2,4,2,2,1,3,1,6,-,3,3,2,1,4,-,4,7,1,2,-,3,1,4,1,5,6,4,1,5,1,3
북구,10월,(중상자[명]),0,0,0,0,0,0,0,2,-,0,0,0,0,1,-,1,0,0,0,-,0,0,0,1,0,2,1,1,4,0,2
해운대구,05월,사고[건],2,3,1,5,2,2,1,5,3,4,5,3,2,4,2,2,3,-,3,2,2,2,-,2,-,4,2,5,4,5,5
해운대구,05월,사망[명],0,0,0,0,0,0,0,0,0,1,0,0,0,0,0,0,0,-,0,0,0,0,-,0,-,0,0,0,0,0,0
해운대구,05월,부상[명],5,6,1,6,2,2,1,6,6,8,7,3,2,4,2,3,7,-,4,3,2,2,-,3,-,4,2,7,5,7,9
해운대구,05월,(중상자[명]),1,1,1,2,1,1,0,2,2,1,3,2,1,1,0,0,1,-,0,1,0,1,-,0,-,1,0,1,2,2,0
해운대구,06월,사고[건],2,2,1,2,-,1,1,4,3,1,3,4,2,2,4,2,3,2,6,5,-,4,1,7,2,-,3,3,1,1,-
해운대구,06월,사망[명],0,0,0,0,-,0,0,0,0,0,0,0,0,0,1,0,0,0,0,0,-,0,0,0,0,-,0,0,0,0,-
해운대구,06월,부상[명],2,2,1,4,-,1,2,4,5,1,3,5,6,3,6,2,3,2,9,5,-,4,2,8,2,-,4,3,1,1,-
해운대구,06월,(중상자[명]),1,0,1,1,-,0,0,1,2,0,1,2,1,0,2,1,1,1,2,3,-,1,0,1,1,-,1,2,0,0,-
해운대구,07월,사고[건],4,3,5,2,1,4,4,4,3,2,9,3,3,3,3,1,4,4,3,5,8,6,2,1,3,3,3,1,1,5,3
해운대구,07월,사망[명],0,0,0,0,0,0,0,0,0,0,0,0,0,0,0,0,0,0,0,0,0,0,0,0,0,0,0,0,0,0,0
해운대구,07월,부상[명],4,3,8,4,2,7,6,6,3,2,13,6,4,5,3,1,5,7,4,7,10,7,2,2,3,5,3,1,1,5,4
해운대구,07월,(중상자[명]),1,1,0,0,0,2,0,1,1,1,2,0,1,1,2,0,1,3,1,1,2,1,0,0,0,0,1,0,0,2,1
해운대구,08월,사고[건],-,4,3,2,3,6,2,2,6,5,6,4,4,5,-,1,5,5,1,4,3,4,1,3,5,-,2,-,5,1,3
해운대구,08월,사망[명],-,0,0,0,0,0,0,0,0,0,0,0,0,0,-,0,0,0,0,0,0,0,0,0,0,-,0,-,0,0,0
해운대구,08월,부상[명],-,12,3,2,5,8,2,2,11,6,6,6,4,8,-,1,8,7,1,5,3,4,2,5,5,-,2,-,7,1,3
해운대구,08월,(중상자[명]),-,1,1,1,3,0,0,0,1,1,3,0,0,1,-,0,0,1,0,0,0,1,0,2,0,-,0,-,0,0,1
해운대구,09월,사고[건],1,2,2,1,4,-,3,4,2,-,2,2,1,3,1,4,1,1,1,-,2,-,5,2,2,1,2,1,3,-,-
해운대구,09월,사망[명],0,0,0,0,0,-,0,0,0,-,0,0,0,0,0,0,0,0,0,-,0,-,1,0,0,0,1,0,0,-,-
해운대구,09월,부상[명],1,2,3,1,4,-,7,4,2,-,2,2,2,10,1,4,1,1,1,-,2,-,6,2,2,2,1,1,3,-,-
해운대구,09월,(중상자[명]),0,0,0,0,3,-,1,2,0,-,0,1,1,4,0,0,1,1,0,-,1,-,0,1,1,0,0,1,0,-,-
해운대구,10월,사고[건],1,1,2,1,2,2,2,3,4,2,1,2,1,2,1,4,5,2,4,2,3,1,4,5,3,1,3,1,3,2,3
해운대구,10월,사망[명],0,0,0,0,0,0,0,0,0,0,0,0,0,1,0,0,0,0,0,0,0,0,0,0,0,0,0,0,0,0,0
해운대구,10월,부상[명],1,1,2,1,2,2,3,3,5,3,1,3,4,1,1,7,5,7,4,2,6,2,6,10,4,1,7,1,3,2,8
해운대구,10월,(중상자[명]),0,1,0,1,0,1,2,1,1,0,0,0,1,0,0,0,1,0,2,1,0,0,0,3,1,0,2,0,2,0,1
사하구,05월,사고[건],2,1,1,1,-,2,4,3,3,-,7,1,5,3,3,2,2,3,6,3,5,5,4,1,6,-,1,2,5,1,4
사하구,05월,사망[명],0,0,0,0,-,0,0,0,0,-,0,0,0,0,1,0,0,0,0,0,0,0,0,0,0,-,0,0,0,0,0
사하구,05월,부상[명],3,5,1,2,-,2,10,3,7,-,7,1,11,4,3,7,3,3,9,3,5,7,6,1,8,-,2,3,5,1,7
사하구,05월,(중상자[명]),0,3,1,1,-,0,2,0,0,-,1,0,1,1,0,2,0,2,2,1,2,0,1,0,1,-,1,0,2,1,3
사하구,06월,사고[건],4,1,2,4,2,3,3,1,2,2,1,2,3,1,-,2,1,4,3,1,1,4,5,3,1,1,2,1,2,2,-
사하구,06월,사망[명],0,0,0,0,0,0,0,0,0,0,0,0,0,0,-,0,0,0,0,0,0,0,0,0,0,0,0,0,0,0,-
사하구,06월,부상[명],4,1,7,4,2,7,5,1,2,2,1,2,5,1,-,4,1,8,4,1,1,5,11,3,7,1,2,1,2,3,-
사하구,06월,(중상자[명]),2,1,0,2,0,3,0,0,1,1,0,1,0,0,-,0,0,2,3,1,0,2,2,2,5,1,0,1,1,1,-
사하구,07월,사고[건],2,5,5,4,3,2,6,1,2,3,4,3,2,2,2,4,3,1,2,3,2,2,3,2,3,1,5,1,3,-,1
사하구,07월,사망[명],0,0,0,0,0,0,1,0,0,0,0,0,0,0,0,0,0,0,0,0,0,0,0,1,0,0,0,0,0,-,0
사하구,07월,부상[명],2,6,6,11,4,2,6,1,2,4,6,5,2,3,2,4,3,1,3,3,2,7,5,2,4,1,8,1,3,-,1
사하구,07월,(중상자[명]),2,2,3,1,3,0,1,0,0,2,3,1,2,0,1,1,0,0,1,1,0,4,1,2,0,0,3,0,0,-,0
사하구,08월,사고[건],1,-,3,4,6,6,1,1,3,2,3,5,3,7,1,3,2,4,2,3,4,3,1,1,2,3,1,6,4,4,4
사하구,08월,사망[명],0,-,0,0,0,0,0,0,0,0,0,0,0,0,0,0,0,0,0,0,0,0,0,0,0,0,0,0,0,0,0
사하구,08월,부상[명],1,-,5,6,7,6,1,1,3,2,3,5,3,8,1,3,2,5,2,4,5,3,1,3,2,3,1,7,4,5,4
사하구,08월,(중상자[명]),0,-,0,0,1,2,0,0,1,0,1,3,1,4,1,1,0,1,1,1,1,1,0,1,0,1,0,2,1,1,0
사하구,09월,사고[건],-,1,6,7,1,1,1,-,1,4,1,6,4,3,7,2,1,2,2,4,5,2,3,3,6,2,1,3,6,2,-
사하구,09월,사망[명],-,0,0,0,0,0,0,-,0,0,0,0,0,0,0,0,1,0,0,0,0,0,0,0,0,0,0,0,0,0,-
사하구,09월,부상[명],-,1,10,8,3,1,1,-,1,8,1,8,5,5,10,3,0,2,2,6,6,2,4,3,7,2,1,3,8,2,-
사하구,09월,(중상자[명]),-,0,2,1,2,0,0,-,1,0,0,1,1,2,4,0,0,1,0,2,1,0,0,2,0,1,0,0,1,0,-
사하구,10월,사고[건],3,3,1,3,2,2,1,2,1,4,-,3,4,3,2,2,1,4,4,3,5,2,4,1,-,3,2,6,3,8,3
사하구,10월,사망[명],0,0,0,0,0,0,0,0,0,0,-,0,0,0,0,0,0,0,0,0,0,0,0,0,-,0,0,0,0,0,0
사하구,10월,부상[명],3,6,3,3,2,5,1,2,2,11,-,6,4,3,2,3,1,9,4,4,7,2,4,1,-,6,2,6,7,12,8
사하구,10월,(중상자[명]),1,1,0,2,0,0,0,1,0,4,-,1,0,2,0,1,0,2,4,0,1,1,1,0,-,1,1,3,0,2,1
금정구,05월,사고[건],2,2,2,2,3,3,-,1,5,1,3,3,4,2,1,1,2,2,2,3,-,2,2,2,3,1,3,2,3,3,3
금정구,05월,사망[명],0,0,0,0,0,0,-,0,0,0,0,0,0,0,0,0,0,0,0,0,-,0,0,0,0,0,0,0,0,0,0
금정구,05월,부상[명],2,3,9,4,5,4,-,1,8,2,3,4,5,2,1,1,4,2,2,4,-,3,5,3,3,1,3,2,4,4,3
금정구,05월,(중상자[명]),0,0,0,1,0,1,-,0,2,0,0,0,0,0,1,0,0,1,0,0,-,0,0,0,2,1,1,0,0,1,0
금정구,06월,사고[건],6,6,2,3,2,3,4,1,2,2,-,1,1,1,1,3,6,4,1,6,3,1,4,2,6,2,2,1,4,4,-
금정구,06월,사망[명],0,0,0,0,0,0,0,0,0,0,-,0,0,0,0,0,0,0,0,0,0,0,0,0,0,0,0,0,0,0,-
금정구,06월,부상[명],10,8,5,3,2,6,10,2,2,2,-,1,1,1,1,5,11,4,1,7,4,1,7,3,7,3,2,2,14,4,-
금정구,06월,(중상자[명]),2,3,3,0,1,0,1,1,0,0,-,0,1,0,0,0,1,0,0,1,1,0,1,1,1,1,0,1,0,2,-
금정구,07월,사고[건],5,5,1,4,2,1,5,5,3,2,2,1,-,5,1,2,5,2,4,2,4,3,3,3,2,2,7,-,2,1,1
금정구,07월,사망[명],0,0,0,0,1,0,0,0,0,0,0,0,-,0,0,0,0,0,0,0,0,0,0,0,0,0,0,-,0,0,0
금정구,07월,부상[명],8,8,1,5,2,1,5,5,7,3,2,1,-,10,3,2,7,2,11,2,4,3,3,5,2,2,17,-,4,1,1
금정구,07월,(중상자[명]),1,2,0,0,0,0,3,1,3,2,1,0,-,0,0,1,3,0,6,0,2,1,1,1,0,1,4,-,0,0,1
금정구,08월,사고[건],2,1,-,4,2,-,3,1,1,1,2,3,2,5,1,2,2,3,1,3,1,2,3,1,3,1,-,1,4,2,3
금정구,08월,사망[명],0,0,-,0,0,-,0,0,0,0,0,0,0,0,0,0,0,0,0,0,0,0,0,0,0,0,-,0,0,0,0
금정구,08월,부상[명],2,1,-,8,3,-,3,1,1,1,2,3,2,6,1,2,3,3,1,3,1,2,5,1,4,1,-,1,11,2,6
금정구,08월,(중상자[명]),1,0,-,3,1,-,1,1,0,0,0,0,0,1,0,1,0,1,0,1,0,0,3,0,2,0,-,0,4,1,3
금정구,09월,사고[건],-,2,2,4,5,1,2,1,3,3,1,4,1,3,5,2,1,2,2,1,2,1,4,2,3,5,4,1,5,2,-
금정구,09월,사망[명],-,0,0,0,0,0,0,0,0,0,0,0,0,0,0,0,0,0,0,1,0,0,0,0,0,0,0,0,0,0,-
금정구,09월,부상[명],-,2,5,4,6,1,4,1,5,4,1,9,1,4,6,4,1,6,2,0,2,1,8,4,3,6,11,2,5,2,-
금정구,09월,(중상자[명]),-,0,4,2,1,0,1,0,1,0,1,1,0,4,3,1,0,0,0,0,1,0,1,2,1,2,3,1,0,0,-
금정구,10월,사고[건],-,4,2,2,-,5,5,7,1,1,1,4,2,3,-,2,1,3,3,1,4,2,3,4,2,-,4,3,2,5,6
금정구,10월,사망[명],-,0,0,0,-,0,1,0,0,0,0,0,0,0,-,0,0,0,0,0,0,0,0,0,0,-,0,0,0,0,0
금정구,10월,부상[명],-,9,2,3,-,10,4,12,1,1,2,9,2,3,-,2,1,5,4,1,6,2,5,5,2,-,5,5,3,10,9
금정구,10월,(중상자[명]),-,2,0,0,-,3,2,3,0,1,0,1,1,1,-,0,0,2,1,0,5,1,1,2,0,-,1,2,0,5,0
강서구,05월,사고[건],1,3,1,4,-,3,2,3,2,1,2,1,-,4,5,-,1,3,2,3,1,2,1,-,2,1,1,4,2,1,1
강서구,05월,사망[명],0,0,0,0,-,0,0,0,0,0,0,0,-,0,0,-,0,1,0,0,0,0,0,-,0,0,0,0,0,0,0
강서구,05월,부상[명],1,5,1,6,-,7,2,3,2,1,6,1,-,6,6,-,1,2,3,3,1,2,1,-,3,1,1,5,2,1,1
강서구,05월,(중상자[명]),0,2,1,1,-,3,0,1,0,0,1,1,-,1,1,-,1,0,2,0,0,1,1,-,1,1,0,1,0,1,1
강서구,06월,사고[건],1,4,2,1,2,3,1,2,5,2,2,-,3,-,2,2,3,4,2,1,2,1,2,1,1,1,1,2,4,2,-
강서구,06월,사망[명],0,0,0,0,0,0,0,0,0,0,0,-,0,-,0,0,0,0,0,0,0,0,0,0,0,0,0,0,0,0,-
강서구,06월,부상[명],1,4,5,1,3,6,1,2,5,3,2,-,3,-,3,3,3,6,2,1,2,2,3,1,2,1,1,4,5,2,-
강서구,06월,(중상자[명]),1,0,0,1,0,1,0,1,0,0,2,-,0,-,0,1,1,0,0,0,1,1,0,1,0,1,1,2,2,0,-
강서구,07월,사고[건],2,2,2,4,1,2,2,2,3,2,2,1,1,-,3,3,4,1,-,-,8,4,2,1,-,1,4,1,3,1,1
강서구,07월,사망[명],1,0,0,0,0,0,0,0,0,0,0,0,0,-,0,0,0,0,-,-,0,0,0,0,-,0,0,0,1,0,0
강서구,07월,부상[명],1,3,5,4,2,2,3,2,6,2,3,1,1,-,5,3,7,3,-,-,9,5,3,1,-,1,4,2,8,1,1
강서구,07월,(중상자[명]),0,1,1,2,0,0,0,1,1,0,2,1,0,-,2,1,1,0,-,-,4,1,1,0,-,0,1,1,3,0,0
강서구,08월,사고[건],1,1,2,1,1,2,1,3,2,3,2,2,2,2,1,-,-,2,2,2,5,2,2,4,2,4,4,4,1,1,-
강서구,08월,사망[명],0,0,0,0,0,0,0,0,0,0,0,0,0,0,0,-,-,0,0,0,1,0,0,0,1,0,1,0,0,0,-
강서구,08월,부상[명],1,1,2,1,1,3,4,4,3,3,6,5,4,2,1,-,-,2,3,2,9,9,4,6,1,6,4,4,2,1,-
강서구,08월,(중상자[명]),0,0,1,0,0,1,3,0,2,2,0,1,0,0,1,-,-,0,2,1,3,2,0,2,1,3,1,3,2,0,-
강서구,09월,사고[건],1,1,3,3,1,-,1,3,5,-,3,1,-,2,3,3,3,6,1,1,2,2,1,-,1,-,1,1,4,-,-
강서구,09월,사망[명],0,0,0,0,0,-,0,0,0,-,0,0,-,0,0,0,0,0,0,0,0,0,0,-,0,-,0,0,0,-,-
강서구,09월,부상[명],1,2,8,6,1,-,1,4,6,-,3,1,-,2,3,4,3,7,2,1,3,4,3,-,1,-,1,1,5,-,-
강서구,09월,(중상자[명]),0,1,4,1,0,-,0,0,0,-,0,0,-,0,0,3,2,4,0,0,2,1,0,-,0,-,1,0,2,-,-
강서구,10월,사고[건],-,-,3,3,1,3,4,4,2,-,3,7,-,9,3,-,2,1,1,-,3,1,5,3,5,4,1,2,3,3,4
강서구,10월,사망[명],-,-,0,0,0,0,0,0,0,-,0,0,-,0,0,-,0,0,0,-,0,0,0,0,0,0,0,1,0,0,1
강서구,10월,부상[명],-,-,4,3,1,4,4,5,3,-,8,7,-,13,3,-,2,1,1,-,5,1,6,6,5,4,1,2,6,5,3
강서구,10월,(중상자[명]),-,-,2,0,0,0,0,3,0,-,4,4,-,5,2,-,1,1,0,-,0,0,1,0,3,2,0,0,2,1,2
연제구,05월,사고[건],3,3,2,4,3,1,2,3,2,-,2,3,2,2,1,-,-,2,2,4,1,6,-,1,-,2,-,1,3,-,3
연제구,05월,사망[명],0,0,0,0,0,0,0,0,0,-,0,0,0,0,0,-,-,0,0,0,0,0,-,0,-,0,-,0,0,-,0
연제구,05월,부상[명],5,5,2,8,3,1,2,5,5,-,2,3,3,2,1,-,-,3,2,4,1,8,-,2,-,2,-,1,3,-,4
연제구,05월,(중상자[명]),1,1,0,3,2,0,0,2,0,-,0,1,0,0,0,-,-,2,0,3,1,1,-,0,-,0,-,0,0,-,1
연제구,06월,사고[건],3,3,3,4,1,2,2,3,4,4,-,2,5,2,4,5,3,2,3,4,2,5,3,5,1,3,3,3,6,-,-
연제구,06월,사망[명],0,0,0,0,0,0,0,0,0,0,-,0,0,0,0,0,0,0,0,0,0,0,0,0,0,0,0,0,0,-,-
연제구,06월,부상[명],3,4,3,6,1,3,2,3,5,7,-,3,14,3,4,7,5,2,3,4,3,8,3,6,1,4,8,5,10,-,-
연제구,06월,(중상자[명]),0,1,3,2,0,1,0,2,1,1,-,1,0,0,1,2,2,0,1,1,0,4,1,2,1,1,1,1,3,-,-
연제구,07월,사고[건],2,2,3,3,1,3,2,1,6,1,-,1,3,1,2,2,4,-,1,1,2,11,3,1,2,1,-,-,4,2,1
연제구,07월,사망[명],0,0,0,1,0,0,0,0,0,0,-,0,0,0,0,0,0,-,0,0,0,0,0,0,0,0,-,-,0,0,0
연제구,07월,부상[명],2,2,5,4,1,4,3,1,11,1,-,1,7,1,2,4,4,-,2,3,3,16,5,1,2,1,-,-,5,3,1
연제구,07월,(중상자[명]),2,1,2,1,0,1,2,0,2,0,-,1,1,0,1,0,2,-,1,2,1,2,0,1,1,0,-,-,0,0,0
연제구,08월,사고[건],-,1,-,1,3,1,1,2,2,2,3,2,1,5,2,-,1,2,3,5,1,-,-,-,3,-,1,3,3,3,1
연제구,08월,사망[명],-,0,-,0,0,0,0,0,0,0,0,0,0,0,0,-,0,0,0,0,0,-,-,-,0,-,0,0,0,0,0
연제구,08월,부상[명],-,3,-,1,3,2,1,3,2,2,5,2,1,10,3,-,1,3,4,5,1,-,-,-,7,-,1,3,8,3,2
연제구,08월,(중상자[명]),-,1,-,1,0,1,0,0,0,1,1,1,0,2,1,-,1,0,1,2,0,-,-,-,1,-,1,0,2,3,1
연제구,09월,사고[건],1,2,-,1,3,1,1,2,1,2,2,1,1,1,2,-,3,2,2,4,4,2,2,3,2,1,3,3,3,4,-
연제구,09월,사망[명],0,0,-,0,0,0,0,0,0,0,0,0,0,0,0,-,1,0,0,0,0,0,0,0,0,0,0,0,0,0,-
연제구,09월,부상[명],1,2,-,1,3,1,1,2,1,2,3,1,1,1,2,-,2,2,3,5,5,2,4,3,2,1,3,4,4,5,-
연제구,09월,(중상자[명]),0,2,-,0,0,0,0,2,0,0,0,0,0,0,0,-,0,0,2,1,1,1,0,1,1,1,2,0,0,2,-
연제구,10월,사고[건],1,1,2,-,2,-,2,4,2,2,1,1,4,-,2,1,3,-,4,3,2,1,2,1,1,1,3,3,4,2,4
연제구,10월,사망[명],0,0,0,-,0,-,0,0,0,0,0,0,0,-,0,0,0,-,0,0,0,0,0,0,0,0,0,0,0,0,0
연제구,10월,부상[명],1,2,2,-,3,-,2,9,6,2,1,1,12,-,2,1,4,-,5,4,3,1,3,1,3,2,4,5,5,2,4
연제구,10월,(중상자[명]),0,0,1,-,1,-,0,2,4,0,0,1,2,-,1,0,0,-,0,0,1,0,0,1,0,0,1,0,1,0,0
수영구,05월,사고[건],2,1,1,1,3,1,2,1,-,3,1,5,6,1,2,-,3,-,3,4,3,-,1,1,5,1,1,-,2,2,2
수영구,05월,사망[명],0,0,0,0,0,0,0,0,-,0,1,0,0,0,0,-,0,-,0,0,0,-,0,0,0,0,0,-,0,0,0
수영구,05월,부상[명],3,2,2,1,5,1,2,3,-,7,1,7,8,1,2,-,4,-,3,4,4,-,1,1,7,2,4,-,4,2,2
수영구,05월,(중상자[명]),1,1,0,0,1,0,2,0,-,4,1,2,1,0,2,-,1,-,1,0,2,-,1,0,2,0,0,-,1,0,0
수영구,06월,사고[건],2,5,2,-,1,-,2,3,2,1,2,-,3,-,1,1,2,1,8,1,2,2,1,-,-,2,6,-,2,1,-
수영구,06월,사망[명],0,0,0,-,0,-,0,0,0,0,0,-,0,-,0,0,0,0,0,0,1,0,0,-,-,0,0,-,0,0,-
수영구,06월,부상[명],2,8,4,-,1,-,2,3,3,1,3,-,4,-,1,1,2,1,11,1,1,3,1,-,-,2,11,-,2,1,-
수영구,06월,(중상자[명]),0,1,1,-,0,-,1,0,0,0,0,-,0,-,0,1,2,0,3,0,0,1,1,-,-,0,2,-,1,0,-
수영구,07월,사고[건],4,2,1,1,3,1,1,3,2,4,2,3,2,3,5,3,1,2,3,1,1,2,3,2,1,2,2,1,2,4,1
수영구,07월,사망[명],0,0,0,0,0,0,0,0,0,0,0,0,0,0,0,0,0,0,0,0,0,0,1,0,0,0,0,0,0,0,0
수영구,07월,부상[명],4,3,1,1,4,1,1,3,2,5,2,4,2,4,5,3,1,3,3,1,1,2,2,2,1,3,2,1,2,4,2
수영구,07월,(중상자[명]),1,1,1,0,0,1,1,0,0,0,0,0,0,0,2,0,0,1,1,0,0,1,1,1,0,0,0,0,1,1,1
수영구,08월,사고[건],2,1,3,1,1,1,3,-,1,-,2,1,3,1,3,2,4,2,1,2,-,3,2,3,3,3,3,2,1,-,3
수영구,08월,사망[명],0,0,0,0,0,0,0,-,0,-,0,0,0,0,0,0,0,0,0,0,-,0,0,0,0,0,0,0,0,-,0
수영구,08월,부상[명],4,1,4,2,1,1,5,-,1,-,3,1,5,2,6,2,7,2,1,2,-,4,4,4,5,3,3,3,2,-,5
수영구,08월,(중상자[명]),0,1,0,0,0,0,0,-,1,-,1,0,0,0,0,2,1,0,1,1,-,2,1,1,0,3,0,1,1,-,2
수영구,09월,사고[건],3,2,4,-,2,4,1,2,3,3,2,2,2,1,7,-,4,-,2,-,2,1,2,2,1,4,3,6,4,3,-
수영구,09월,사망[명],0,0,0,-,0,0,0,0,0,0,0,0,0,0,0,-,0,-,0,-,0,0,0,0,0,0,0,0,1,0,-
수영구,09월,부상[명],6,2,4,-,2,4,2,3,3,3,3,3,3,1,8,-,4,-,3,-,3,3,2,3,1,5,3,9,3,3,-
수영구,09월,(중상자[명]),2,1,1,-,1,1,0,1,3,1,1,2,0,0,2,-,2,-,0,-,0,0,1,1,1,0,1,3,1,0,-
수영구,10월,사고[건],3,1,2,1,1,1,1,1,3,-,2,2,3,2,4,1,2,5,2,-,-,2,1,2,-,2,-,1,1,-,1
수영구,10월,사망[명],0,0,0,0,0,0,0,0,0,-,0,0,0,0,0,0,0,0,0,-,-,1,0,0,-,0,-,0,0,-,0
수영구,10월,부상[명],4,3,3,1,1,1,1,1,3,-,4,6,5,2,5,1,3,8,2,-,-,2,1,2,-,3,-,1,1,-,1
수영구,10월,(중상자[명]),3,0,0,0,1,0,0,0,0,-,0,3,1,0,0,0,0,2,1,-,-,0,0,1,-,0,-,0,1,-,0
사상구,05월,사고[건],3,-,1,3,2,2,2,5,1,2,3,6,5,2,4,4,-,4,4,5,1,4,3,-,1,4,1,4,4,3,1
사상구,05월,사망[명],0,-,0,0,0,0,0,0,1,0,0,0,0,0,0,0,-,0,0,0,0,0,0,-,0,0,0,0,0,0,0
사상구,05월,부상[명],4,-,2,3,2,2,2,5,0,2,3,7,7,5,4,8,-,4,7,11,4,8,4,-,2,5,1,4,5,4,1
사상구,05월,(중상자[명]),1,-,0,2,1,0,1,1,0,1,0,0,2,0,0,5,-,0,1,1,0,0,1,-,0,0,0,1,1,0,0
사상구,06월,사고[건],2,6,3,4,7,2,-,1,3,2,3,3,4,3,4,2,1,2,-,1,2,2,7,2,1,3,1,-,2,3,-
사상구,06월,사망[명],0,0,0,0,0,0,-,0,1,0,0,0,0,0,0,0,0,0,-,0,0,0,0,0,0,0,0,-,0,0,-
사상구,06월,부상[명],2,9,5,6,10,3,-,1,2,2,4,4,5,6,5,3,1,2,-,1,3,2,11,5,1,3,1,-,2,4,-
사상구,06월,(중상자[명]),1,4,0,2,2,0,-,1,0,0,2,0,1,3,1,1,0,1,-,0,0,1,6,0,0,1,0,-,0,0,-
사상구,07월,사고[건],2,1,3,5,-,3,2,-,2,4,-,1,3,1,1,3,3,2,3,3,1,5,5,4,3,-,3,4,1,3,1
사상구,07월,사망[명],0,0,0,0,-,0,0,-,0,0,-,0,0,0,0,0,0,0,0,0,0,0,0,0,0,-,0,0,0,0,0
사상구,07월,부상[명],4,1,5,6,-,3,3,-,2,4,-,2,3,1,1,5,3,5,4,4,7,9,5,4,6,-,4,4,1,6,1
사상구,07월,(중상자[명]),0,0,1,1,-,2,1,-,2,1,-,0,0,0,0,1,1,2,0,0,0,1,2,1,1,-,0,0,0,0,1
사상구,08월,사고[건],4,1,4,3,1,3,1,3,3,1,5,5,4,7,4,1,2,3,4,3,2,1,1,-,2,1,3,1,1,1,2
사상구,08월,사망[명],0,0,0,0,0,0,0,0,0,0,0,0,0,0,0,0,0,0,0,1,0,0,0,-,0,0,0,0,0,0,0
사상구,08월,부상[명],5,1,5,3,5,3,1,4,3,1,5,6,4,9,4,1,2,3,5,3,2,2,1,-,5,1,5,1,2,1,4
사상구,08월,(중상자[명]),1,1,1,0,1,1,1,1,2,0,1,3,2,4,2,0,0,0,4,0,1,0,0,-,1,1,4,0,0,1,0
사상구,09월,사고[건],1,1,-,2,1,1,-,3,-,4,2,1,-,-,5,1,-,2,5,2,3,2,-,2,3,2,1,6,2,2,-
사상구,09월,사망[명],0,0,-,0,0,0,-,0,-,0,1,0,-,-,1,0,-,0,0,0,0,0,-,0,0,0,0,0,0,0,-
사상구,09월,부상[명],1,1,-,3,1,1,-,3,-,4,1,1,-,-,5,1,-,3,5,3,3,2,-,2,3,3,1,10,5,4,-
사상구,09월,(중상자[명]),1,0,-,0,0,1,-,1,-,1,0,0,-,-,2,0,-,1,1,1,2,0,-,2,1,1,0,3,1,0,-
사상구,10월,사고[건],-,1,-,1,5,4,1,1,3,1,3,2,3,4,3,1,3,3,1,5,3,2,2,2,3,3,3,3,4,4,-
사상구,10월,사망[명],-,0,-,0,0,0,0,0,0,0,0,0,0,0,0,0,0,0,0,0,0,0,0,0,0,0,0,0,0,0,-
사상구,10월,부상[명],-,1,-,1,6,4,1,1,4,1,3,2,4,6,4,1,6,3,2,6,3,2,2,3,3,3,4,5,5,4,-
사상구,10월,(중상자[명]),-,1,-,0,0,0,0,0,0,0,1,1,1,0,1,1,1,1,1,0,1,0,0,1,1,0,1,2,3,1,-
기장군,05월,사고[건],2,3,1,-,1,1,1,1,3,3,1,1,-,2,1,3,1,-,-,2,1,-,6,2,1,2,2,2,1,3,-
기장군,05월,사망[명],0,0,0,-,0,0,0,0,0,0,0,0,-,0,0,0,0,-,-,0,0,-,0,0,0,0,0,0,0,0,-
기장군,05월,부상[명],4,3,1,-,1,1,3,1,6,4,1,1,-,4,3,8,1,-,-,6,2,-,11,3,1,2,4,3,1,10,-
기장군,05월,(중상자[명]),0,2,1,-,1,0,0,1,3,0,0,0,-,0,0,1,0,-,-,0,0,-,0,1,0,2,0,2,0,4,-
기장군,06월,사고[건],4,-,2,-,2,2,1,2,-,-,1,1,1,1,1,2,1,-,3,2,2,3,-,3,-,-,3,1,5,2,-
기장군,06월,사망[명],0,-,0,-,0,0,0,0,-,-,0,0,0,0,0,0,0,-,0,0,0,0,-,0,-,-,0,0,0,0,-
기장군,06월,부상[명],4,-,2,-,3,4,1,4,-,-,2,2,2,1,1,3,1,-,4,4,2,3,-,3,-,-,6,1,11,3,-
기장군,06월,(중상자[명]),1,-,0,-,0,0,0,0,-,-,1,0,0,0,0,0,0,-,1,0,1,1,-,0,-,-,0,0,0,1,-
기장군,07월,사고[건],3,-,1,3,2,1,1,2,-,1,-,1,3,-,-,1,1,4,1,1,-,1,3,1,-,3,-,-,2,3,2
기장군,07월,사망[명],0,-,0,0,0,0,0,0,-,0,-,0,0,-,-,0,0,0,0,0,-,0,0,0,-,0,-,-,0,0,0
기장군,07월,부상[명],6,-,1,5,3,1,1,2,-,1,-,1,3,-,-,1,1,12,1,1,-,1,4,1,-,4,-,-,4,6,7
기장군,07월,(중상자[명]),1,-,1,3,2,0,0,0,-,0,-,1,2,-,-,1,0,1,1,1,-,0,0,0,-,1,-,-,1,0,0
기장군,08월,사고[건],-,3,-,2,4,1,2,3,3,2,1,4,2,1,1,2,3,2,4,1,1,3,2,1,2,2,-,-,4,4,-
기장군,08월,사망[명],-,0,-,0,1,0,0,0,0,0,0,0,0,0,0,0,1,0,0,0,0,0,0,0,0,0,-,-,0,0,-
기장군,08월,부상[명],-,7,-,3,3,1,3,3,9,5,2,4,4,1,1,6,5,2,9,1,1,9,2,1,2,6,-,-,12,4,-
기장군,08월,(중상자[명]),-,1,-,0,1,0,0,1,1,0,0,1,2,0,0,0,3,1,1,0,0,0,1,1,1,1,-,-,2,0,-
기장군,09월,사고[건],1,1,1,-,1,-,4,1,-,1,1,1,2,2,5,1,5,1,2,2,2,-,1,1,-,1,3,1,-,1,-
기장군,09월,사망[명],0,0,0,-,0,-,0,0,-,0,0,0,0,0,0,0,0,0,0,0,0,-,0,0,-,0,0,0,-,0,-
기장군,09월,부상[명],1,1,2,-,2,-,6,1,-,3,1,1,2,2,11,1,8,1,8,3,2,-,1,2,-,1,8,1,-,1,-
기장군,09월,(중상자[명]),0,0,0,-,0,-,0,1,-,0,0,0,0,1,1,0,2,0,0,1,2,-,0,0,-,0,2,1,-,0,-
기장군,10월,사고[건],-,4,1,-,1,2,1,1,2,4,1,4,2,1,1,3,1,1,-,1,1,-,-,2,2,1,-,-,2,2,5
기장군,10월,사망[명],-,0,0,-,0,0,0,0,0,0,0,0,0,0,0,0,0,0,-,0,0,-,-,1,0,0,-,-,0,0,0
기장군,10월,부상[명],-,8,2,-,1,2,1,1,2,7,1,6,10,2,2,5,6,3,-,1,1,-,-,1,5,1,-,-,2,6,6
기장군,10월,(중상자[명]),-,0,0,-,0,0,0,0,0,1,0,0,0,2,0,1,0,0,-,0,0,-,-,0,0,0,-,-,2,0,0
,,,,,,,,,,,,,,,,,,,,,,,,,,,,,,,,,
